{"cameraMode":{"drawMode":0,"name":"Shaded","section":"Shading Mode"},"sceneLighting":true,"audioPlay":false,"sceneViewState":{"showFog":true,"showMaterialUpdate":false,"showSkybox":true,"showFlares":true,"showImageEffects":true,"showParticleSystems":true},"in2DMode":false,"pivot":{"x":394.8371887207031,"y":103.87237548828125,"z":164.83425903320313},"rotation":{"x":-0.05182719603180885,"y":-0.052988454699516299,"z":0.0027540232986211778,"w":-0.9972454905509949},"size":451.7920837402344,"orthographic":false}