{"cameraMode":{"drawMode":0,"name":"Shaded","section":"Shading Mode"},"sceneLighting":true,"audioPlay":false,"sceneViewState":{"showFog":true,"showMaterialUpdate":false,"showSkybox":true,"showFlares":true,"showImageEffects":true,"showParticleSystems":true},"in2DMode":false,"pivot":{"x":-1.6567213535308838,"y":0.15294188261032105,"z":3.678574800491333},"rotation":{"x":0.20037591457366944,"y":0.5300875306129456,"z":-0.13056603074073792,"w":0.8135165572166443},"size":6.331512928009033,"orthographic":false}