{"cameraMode":{"drawMode":0,"name":"Shaded","section":"Shading Mode"},"sceneLighting":true,"audioPlay":false,"sceneViewState":{"showFog":true,"showMaterialUpdate":false,"showSkybox":true,"showFlares":true,"showImageEffects":true,"showParticleSystems":true},"in2DMode":false,"pivot":{"x":-0.6496309638023377,"y":4.353022575378418,"z":-0.036497361958026889},"rotation":{"x":0.43827754259109499,"y":-0.051972657442092898,"z":0.0254153311252594,"w":0.8969758749008179},"size":9.52359390258789,"orthographic":false}