{"cameraMode":{"drawMode":0,"name":"Shaded","section":"Shading Mode"},"sceneLighting":true,"audioPlay":false,"sceneViewState":{"showFog":true,"showMaterialUpdate":false,"showSkybox":true,"showFlares":true,"showImageEffects":true,"showParticleSystems":true},"in2DMode":false,"pivot":{"x":2.549015760421753,"y":2.2792272567749025,"z":0.7562031745910645},"rotation":{"x":0.21636751294136048,"y":0.05122942849993706,"z":-0.01137002743780613,"w":0.9749007225036621},"size":7.900304794311523,"orthographic":true}