{"cameraMode":{"drawMode":0,"name":"Shaded","section":"Shading Mode"},"sceneLighting":true,"audioPlay":false,"sceneViewState":{"showFog":true,"showMaterialUpdate":false,"showSkybox":true,"showFlares":true,"showImageEffects":true,"showParticleSystems":true},"in2DMode":false,"pivot":{"x":460.0726623535156,"y":298.0921325683594,"z":-0.57952880859375},"rotation":{"x":0.02307368442416191,"y":-0.0005840038065798581,"z":-0.000013955998838355299,"w":-0.9997336268424988},"size":669.1580200195313,"orthographic":false}