{"cameraMode":{"drawMode":0,"name":"Shaded","section":"Shading Mode"},"sceneLighting":true,"audioPlay":false,"sceneViewState":{"showFog":true,"showMaterialUpdate":false,"showSkybox":true,"showFlares":true,"showImageEffects":true,"showParticleSystems":true},"in2DMode":false,"pivot":{"x":4.747570991516113,"y":6.073359489440918,"z":-2.6702041625976564},"rotation":{"x":0.1698540300130844,"y":-0.2058543562889099,"z":-0.036306608468294147,"w":-0.9630448818206787},"size":25.708757400512697,"orthographic":false}