{"cameraMode":{"drawMode":0,"name":"Shaded","section":"Shading Mode"},"sceneLighting":true,"audioPlay":false,"sceneViewState":{"showFog":true,"showMaterialUpdate":false,"showSkybox":true,"showFlares":true,"showImageEffects":true,"showParticleSystems":true},"in2DMode":false,"pivot":{"x":-4.746594429016113,"y":-5.097920894622803,"z":22.676542282104493},"rotation":{"x":-0.15475116670131684,"y":0.02461295761168003,"z":-0.0038570291362702848,"w":-0.987639307975769},"size":21.043582916259767,"orthographic":false}