{"cameraMode":{"drawMode":0,"name":"Shaded","section":"Shading Mode"},"sceneLighting":true,"audioPlay":false,"sceneViewState":{"showFog":true,"showMaterialUpdate":false,"showSkybox":true,"showFlares":true,"showImageEffects":true,"showParticleSystems":true},"in2DMode":false,"pivot":{"x":-0.4952585697174072,"y":2.239976406097412,"z":-1.4731073379516602},"rotation":{"x":-0.0106980474665761,"y":0.9774420261383057,"z":-0.20465649664402009,"w":-0.051072776317596439},"size":18.096038818359376,"orthographic":true}