{"cameraMode":{"drawMode":0,"name":"Shaded","section":"Shading Mode"},"sceneLighting":true,"audioPlay":false,"sceneViewState":{"showFog":true,"showMaterialUpdate":false,"showSkybox":true,"showFlares":true,"showImageEffects":true,"showParticleSystems":true},"in2DMode":false,"pivot":{"x":-2.4549760818481447,"y":1.9247010946273804,"z":-1.4302856922149659},"rotation":{"x":0.10418578237295151,"y":0.020883895456790925,"z":-0.002188644604757428,"w":0.9943361878395081},"size":15.777732849121094,"orthographic":false}