{"cameraMode":{"drawMode":0,"name":"Shaded","section":"Shading Mode"},"sceneLighting":true,"audioPlay":false,"sceneViewState":{"showFog":true,"showMaterialUpdate":false,"showSkybox":true,"showFlares":true,"showImageEffects":true,"showParticleSystems":true},"in2DMode":false,"pivot":{"x":222.1368408203125,"y":286.2810974121094,"z":-22.17913818359375},"rotation":{"x":-0.004344646353274584,"y":-0.995368242263794,"z":0.07872191816568375,"w":-0.05500950664281845},"size":707.5159912109375,"orthographic":false}