{"cameraMode":{"drawMode":0,"name":"Shaded","section":"Shading Mode"},"sceneLighting":true,"audioPlay":false,"sceneViewState":{"showFog":true,"showMaterialUpdate":false,"showSkybox":true,"showFlares":true,"showImageEffects":true,"showParticleSystems":true},"in2DMode":false,"pivot":{"x":6.512929439544678,"y":17.26759147644043,"z":-15.382498741149903},"rotation":{"x":0.02150576002895832,"y":0.8994768261909485,"z":-0.04456203058362007,"w":0.43415799736976626},"size":48.586544036865237,"orthographic":true}