{"cameraMode":{"drawMode":0,"name":"Shaded","section":"Shading Mode"},"sceneLighting":true,"audioPlay":false,"sceneViewState":{"showFog":true,"showMaterialUpdate":false,"showSkybox":true,"showFlares":true,"showImageEffects":true,"showParticleSystems":true},"in2DMode":false,"pivot":{"x":-19.421436309814454,"y":19.727767944335939,"z":-67.68575286865235},"rotation":{"x":-0.13531538844108582,"y":-0.15447597205638886,"z":0.02136348932981491,"w":-0.9784531593322754},"size":34.16532897949219,"orthographic":false}