{"cameraMode":{"drawMode":0,"name":"Shaded","section":"Shading Mode"},"sceneLighting":true,"audioPlay":false,"sceneViewState":{"showFog":true,"showMaterialUpdate":false,"showSkybox":true,"showFlares":true,"showImageEffects":true,"showParticleSystems":true},"in2DMode":false,"pivot":{"x":0.0010385513305664063,"y":6.194699287414551,"z":-7.732513427734375},"rotation":{"x":-0.24214836955070496,"y":0.37405088543891909,"z":-0.10183609277009964,"w":-0.8894265294075012},"size":22.0,"orthographic":false}