{"cameraMode":{"drawMode":0,"name":"Shaded","section":"Shading Mode"},"sceneLighting":true,"audioPlay":false,"sceneViewState":{"showFog":true,"showMaterialUpdate":false,"showSkybox":true,"showFlares":true,"showImageEffects":true,"showParticleSystems":true},"in2DMode":false,"pivot":{"x":-3.6489181518554689,"y":1.814300298690796,"z":6.619460582733154},"rotation":{"x":0.16624344885349275,"y":-0.31537771224975588,"z":0.05620255693793297,"w":0.9325991868972778},"size":24.982620239257814,"orthographic":false}