{"cameraMode":{"drawMode":0,"name":"Shaded","section":"Shading Mode"},"sceneLighting":true,"audioPlay":false,"sceneViewState":{"showFog":true,"showMaterialUpdate":false,"showSkybox":true,"showFlares":true,"showImageEffects":true,"showParticleSystems":true},"in2DMode":false,"pivot":{"x":-3.650569200515747,"y":-0.8563319444656372,"z":5.440083026885986},"rotation":{"x":0.24158424139022828,"y":0.43299728631973269,"z":-0.12165514379739762,"w":0.8598548769950867},"size":6.996771335601807,"orthographic":false}