{"cameraMode":{"drawMode":0,"name":"Shaded","section":"Shading Mode"},"sceneLighting":true,"audioPlay":false,"sceneViewState":{"showFog":true,"showMaterialUpdate":false,"showSkybox":true,"showFlares":true,"showImageEffects":true,"showParticleSystems":true},"in2DMode":false,"pivot":{"x":-1.3544102907180787,"y":0.7788259387016296,"z":-0.9036746025085449},"rotation":{"x":0.11335098743438721,"y":0.8761253952980042,"z":-0.2509855031967163,"w":0.3956793248653412},"size":18.524545669555665,"orthographic":true}