{"cameraMode":{"drawMode":0,"name":"Shaded","section":"Shading Mode"},"sceneLighting":true,"audioPlay":false,"sceneViewState":{"showFog":true,"showMaterialUpdate":false,"showSkybox":true,"showFlares":true,"showImageEffects":true,"showParticleSystems":true},"in2DMode":false,"pivot":{"x":0.0,"y":3.4084999561309816,"z":0.18050000071525575},"rotation":{"x":0.2242567092180252,"y":0.42125946283340456,"z":-0.10832879692316055,"w":0.8720747232437134},"size":17.91731834411621,"orthographic":true}