{"cameraMode":{"drawMode":0,"name":"Shaded","section":"Shading Mode"},"sceneLighting":true,"audioPlay":false,"sceneViewState":{"showFog":true,"showMaterialUpdate":false,"showSkybox":true,"showFlares":true,"showImageEffects":true,"showParticleSystems":true},"in2DMode":false,"pivot":{"x":477.1503601074219,"y":430.1267395019531,"z":260.9542541503906},"rotation":{"x":0.10685604810714722,"y":-0.01847195252776146,"z":-0.001985971350222826,"w":-0.9941009283065796},"size":1120.371826171875,"orthographic":false}