{"cameraMode":{"drawMode":0,"name":"Shaded","section":"Shading Mode"},"sceneLighting":true,"audioPlay":false,"sceneViewState":{"showFog":true,"showMaterialUpdate":false,"showSkybox":true,"showFlares":true,"showImageEffects":true,"showParticleSystems":true},"in2DMode":false,"pivot":{"x":-6.56492280960083,"y":42.37852096557617,"z":-52.65415573120117},"rotation":{"x":0.12892623245716096,"y":0.013687166385352612,"z":-0.0017833446618169547,"w":0.9915581345558167},"size":22.0,"orthographic":false}